{
    "name": "ssl-refresh-gold-to-datawarehouse",
    "properties": {
        "activities": [
            {
                "name": "SQL pool stored procedure1",
                "type": "SqlPoolStoredProcedure",
                "dependsOn": [],
                "policy": {
                    "timeout": "0.12:00:00",
                    "retry": 0,
                    "retryIntervalInSeconds": 30,
                    "secureOutput": false,
                    "secureInput": false
                },
                "userProperties": [],
                "sqlPool": {
                    "referenceName": "SSLdedicatedpool",
                    "type": "SqlPoolReference"
                },
                "typeProperties": {
                    "storedProcedureName": "[dbo].[Gold_Data_Ingestion]"
                }
            }
        ],
        "annotations": [],
        "lastPublishTime": "2025-09-10T13:49:51Z"
    },
    "type": "Microsoft.Synapse/workspaces/pipelines"
}