{
    "$schema": "http://schema.management.azure.com/schemas/2015-01-01/deploymentTemplate.json#",
    "contentVersion": "1.0.0.0",
    "parameters": {
        "factoryName": {
            "type": "string",
            "metadata": "Data Factory name",
            "defaultValue": "SwiftSupplyLogistics-ADF"
        },
        "AmazonS31_secretAccessKey": {
            "type": "secureString",
            "metadata": "Secure string for 'secretAccessKey' of 'AmazonS31'"
        },
        "AzureDataLakeStorage1_accountKey": {
            "type": "secureString",
            "metadata": "Secure string for 'accountKey' of 'AzureDataLakeStorage1'"
        },
        "AzureDatabricks1_accessToken": {
            "type": "secureString",
            "metadata": "Secure string for 'accessToken' of 'AzureDatabricks1'"
        },
        "AmazonS31_properties_typeProperties_accessKeyId": {
            "type": "string",
            "defaultValue": "AKIAZB5YYY4OZVSNSY46"
        },
        "AzureDataLakeStorage1_properties_typeProperties_url": {
            "type": "string",
            "defaultValue": "https://datalakessl.dfs.core.windows.net/"
        },
        "AzureDatabricks1_properties_typeProperties_existingClusterId": {
            "type": "string",
            "defaultValue": "0829-192255-xpb3cla3"
        }
    },
    "variables": {
        "factoryId": "[concat('Microsoft.DataFactory/factories/', parameters('factoryName'))]"
    },
    "resources": [
        {
            "name": "[concat(parameters('factoryName'), '/PL_SwiftSupply_DataIngestion')]",
            "type": "Microsoft.DataFactory/factories/pipelines",
            "apiVersion": "2018-06-01",
            "properties": {
                "activities": [
                    {
                        "name": "Lookup1",
                        "type": "Lookup",
                        "dependsOn": [],
                        "policy": {
                            "timeout": "0.12:00:00",
                            "retry": 0,
                            "retryIntervalInSeconds": 30,
                            "secureOutput": false,
                            "secureInput": false
                        },
                        "userProperties": [],
                        "typeProperties": {
                            "source": {
                                "type": "JsonSource",
                                "storeSettings": {
                                    "type": "AzureBlobFSReadSettings",
                                    "recursive": true,
                                    "enablePartitionDiscovery": false
                                },
                                "formatSettings": {
                                    "type": "JsonReadSettings"
                                }
                            },
                            "dataset": {
                                "referenceName": "Json1",
                                "type": "DatasetReference",
                                "parameters": {}
                            },
                            "firstRowOnly": false
                        }
                    },
                    {
                        "name": "ForEach1",
                        "type": "ForEach",
                        "dependsOn": [
                            {
                                "activity": "Lookup1",
                                "dependencyConditions": [
                                    "Succeeded"
                                ]
                            }
                        ],
                        "userProperties": [],
                        "typeProperties": {
                            "items": {
                                "value": "@activity('Lookup1').output.value",
                                "type": "Expression"
                            },
                            "isSequential": true,
                            "activities": [
                                {
                                    "name": "Append variable1",
                                    "type": "AppendVariable",
                                    "dependsOn": [],
                                    "userProperties": [],
                                    "typeProperties": {
                                        "variableName": "ExpectedFiles",
                                        "value": {
                                            "value": "@concat(item().filenamePrefix, formatDateTime(utcNow(),'yyyyMMdd'), '.csv')\n",
                                            "type": "Expression"
                                        }
                                    }
                                }
                            ]
                        }
                    },
                    {
                        "name": "Until1",
                        "type": "Until",
                        "dependsOn": [
                            {
                                "activity": "ForEach1",
                                "dependencyConditions": [
                                    "Succeeded"
                                ]
                            }
                        ],
                        "userProperties": [],
                        "typeProperties": {
                            "expression": {
                                "value": "@equals(length(variables('FoundFiles')), length(variables('ExpectedFiles')))\n",
                                "type": "Expression"
                            },
                            "activities": [
                                {
                                    "name": "Execute Pipeline1",
                                    "type": "ExecutePipeline",
                                    "dependsOn": [],
                                    "policy": {
                                        "secureInput": false
                                    },
                                    "userProperties": [],
                                    "typeProperties": {
                                        "pipeline": {
                                            "referenceName": "pipeline1",
                                            "type": "PipelineReference"
                                        },
                                        "waitOnCompletion": true,
                                        "parameters": {}
                                    }
                                },
                                {
                                    "name": "Set variable1",
                                    "type": "SetVariable",
                                    "dependsOn": [
                                        {
                                            "activity": "Execute Pipeline1",
                                            "dependencyConditions": [
                                                "Succeeded"
                                            ]
                                        }
                                    ],
                                    "policy": {
                                        "secureOutput": false,
                                        "secureInput": false
                                    },
                                    "userProperties": [],
                                    "typeProperties": {
                                        "variableName": "FoundFiles",
                                        "value": {
                                            "value": "@intersection(\n    variables('ExpectedFiles'),\n    activity('Execute Pipeline1').output.pipelineReturnValue.FoundFiles\n)\n",
                                            "type": "Expression"
                                        }
                                    }
                                },
                                {
                                    "name": "Wait1",
                                    "type": "Wait",
                                    "dependsOn": [
                                        {
                                            "activity": "Set variable1",
                                            "dependencyConditions": [
                                                "Succeeded"
                                            ]
                                        }
                                    ],
                                    "userProperties": [],
                                    "typeProperties": {
                                        "waitTimeInSeconds": 1
                                    }
                                },
                                {
                                    "name": "If Condition1_copy1",
                                    "type": "IfCondition",
                                    "dependsOn": [
                                        {
                                            "activity": "Wait1",
                                            "dependencyConditions": [
                                                "Succeeded"
                                            ]
                                        }
                                    ],
                                    "userProperties": [],
                                    "typeProperties": {
                                        "expression": {
                                            "value": "@equals(length(variables('FoundFiles')), length(variables('ExpectedFiles')))\n",
                                            "type": "Expression"
                                        },
                                        "ifTrueActivities": [
                                            {
                                                "name": "Execute Pipeline2_copy1",
                                                "type": "ExecutePipeline",
                                                "dependsOn": [],
                                                "policy": {
                                                    "secureInput": false
                                                },
                                                "userProperties": [],
                                                "typeProperties": {
                                                    "pipeline": {
                                                        "referenceName": "pipeline2",
                                                        "type": "PipelineReference"
                                                    },
                                                    "waitOnCompletion": true,
                                                    "parameters": {
                                                        "FoundFiles": {
                                                            "value": "@variables('FoundFiles')",
                                                            "type": "Expression"
                                                        }
                                                    }
                                                }
                                            }
                                        ]
                                    }
                                }
                            ],
                            "timeout": "0.00:10:00"
                        }
                    },
                    {
                        "name": "Transformation_Bronze_to_Silver",
                        "type": "DatabricksNotebook",
                        "dependsOn": [
                            {
                                "activity": "Until1",
                                "dependencyConditions": [
                                    "Succeeded"
                                ]
                            }
                        ],
                        "policy": {
                            "timeout": "0.12:00:00",
                            "retry": 0,
                            "retryIntervalInSeconds": 30,
                            "secureOutput": false,
                            "secureInput": false
                        },
                        "userProperties": [],
                        "typeProperties": {
                            "notebookPath": "/SwiftSupplyLogistics/SSL-batch-bronze-to-silver"
                        },
                        "linkedServiceName": {
                            "referenceName": "AzureDatabricks1",
                            "type": "LinkedServiceReference"
                        }
                    },
                    {
                        "name": "Transformation_Silver_to_Gold",
                        "type": "DatabricksNotebook",
                        "dependsOn": [
                            {
                                "activity": "Transformation_Bronze_to_Silver",
                                "dependencyConditions": [
                                    "Succeeded"
                                ]
                            }
                        ],
                        "policy": {
                            "timeout": "0.12:00:00",
                            "retry": 0,
                            "retryIntervalInSeconds": 30,
                            "secureOutput": false,
                            "secureInput": false
                        },
                        "userProperties": [],
                        "typeProperties": {
                            "notebookPath": "/SwiftSupplyLogistics/SSL-silver-gold"
                        },
                        "linkedServiceName": {
                            "referenceName": "AzureDatabricks1",
                            "type": "LinkedServiceReference"
                        }
                    },
                    {
                        "name": "Archive",
                        "type": "ExecutePipeline",
                        "dependsOn": [
                            {
                                "activity": "Transformation_Silver_to_Gold",
                                "dependencyConditions": [
                                    "Succeeded"
                                ]
                            }
                        ],
                        "policy": {
                            "secureInput": false
                        },
                        "userProperties": [],
                        "typeProperties": {
                            "pipeline": {
                                "referenceName": "Archive",
                                "type": "PipelineReference"
                            },
                            "waitOnCompletion": true,
                            "parameters": {}
                        }
                    }
                ],
                "policy": {
                    "elapsedTimeMetric": {}
                },
                "variables": {
                    "ExpectedFiles": {
                        "type": "Array"
                    },
                    "FoundFiles": {
                        "type": "Array"
                    }
                },
                "annotations": [],
                "lastPublishTime": "2025-08-31T15:19:11Z"
            },
            "dependsOn": [
                "[concat(variables('factoryId'), '/datasets/Json1')]",
                "[concat(variables('factoryId'), '/linkedServices/AzureDatabricks1')]",
                "[concat(variables('factoryId'), '/pipelines/Archive')]",
                "[concat(variables('factoryId'), '/pipelines/pipeline1')]",
                "[concat(variables('factoryId'), '/pipelines/pipeline2')]"
            ]
        },
        {
            "name": "[concat(parameters('factoryName'), '/pipeline1')]",
            "type": "Microsoft.DataFactory/factories/pipelines",
            "apiVersion": "2018-06-01",
            "properties": {
                "activities": [
                    {
                        "name": "ForEach1",
                        "type": "ForEach",
                        "dependsOn": [
                            {
                                "activity": "Get Metadata1_copy1",
                                "dependencyConditions": [
                                    "Succeeded"
                                ]
                            }
                        ],
                        "userProperties": [],
                        "typeProperties": {
                            "items": {
                                "value": "@activity('Get Metadata1_copy1').output.childItems",
                                "type": "Expression"
                            },
                            "isSequential": true,
                            "activities": [
                                {
                                    "name": "Append variable1",
                                    "type": "AppendVariable",
                                    "dependsOn": [],
                                    "userProperties": [],
                                    "typeProperties": {
                                        "variableName": "FoundFiles",
                                        "value": {
                                            "value": "@item().name",
                                            "type": "Expression"
                                        }
                                    }
                                }
                            ]
                        }
                    },
                    {
                        "name": "Get Metadata1_copy1",
                        "type": "GetMetadata",
                        "dependsOn": [],
                        "policy": {
                            "timeout": "0.12:00:00",
                            "retry": 0,
                            "retryIntervalInSeconds": 30,
                            "secureOutput": false,
                            "secureInput": false
                        },
                        "userProperties": [],
                        "typeProperties": {
                            "dataset": {
                                "referenceName": "DelimitedTexts3",
                                "type": "DatasetReference",
                                "parameters": {}
                            },
                            "fieldList": [
                                "childItems"
                            ],
                            "storeSettings": {
                                "type": "AmazonS3ReadSettings",
                                "recursive": true,
                                "enablePartitionDiscovery": false
                            },
                            "formatSettings": {
                                "type": "DelimitedTextReadSettings"
                            }
                        }
                    },
                    {
                        "name": "Set variable1",
                        "type": "SetVariable",
                        "dependsOn": [
                            {
                                "activity": "ForEach1",
                                "dependencyConditions": [
                                    "Succeeded"
                                ]
                            }
                        ],
                        "policy": {
                            "secureOutput": false,
                            "secureInput": false
                        },
                        "userProperties": [],
                        "typeProperties": {
                            "variableName": "pipelineReturnValue",
                            "value": [
                                {
                                    "key": "FoundFiles",
                                    "value": {
                                        "type": "Expression",
                                        "content": "@variables('FoundFiles')"
                                    }
                                }
                            ],
                            "setSystemVariable": true
                        }
                    }
                ],
                "policy": {
                    "elapsedTimeMetric": {}
                },
                "parameters": {
                    "FoundFiles": {
                        "type": "array"
                    }
                },
                "variables": {
                    "FoundFiles": {
                        "type": "Array"
                    }
                },
                "annotations": [],
                "lastPublishTime": "2025-08-29T15:41:37Z"
            },
            "dependsOn": [
                "[concat(variables('factoryId'), '/datasets/DelimitedTexts3')]"
            ]
        },
        {
            "name": "[concat(parameters('factoryName'), '/pipeline2')]",
            "type": "Microsoft.DataFactory/factories/pipelines",
            "apiVersion": "2018-06-01",
            "properties": {
                "activities": [
                    {
                        "name": "ForEach1",
                        "type": "ForEach",
                        "dependsOn": [],
                        "userProperties": [],
                        "typeProperties": {
                            "items": {
                                "value": "@pipeline().parameters.FoundFiles",
                                "type": "Expression"
                            },
                            "isSequential": true,
                            "activities": [
                                {
                                    "name": "copy_s3_to_adls_copy1",
                                    "type": "Copy",
                                    "dependsOn": [],
                                    "policy": {
                                        "timeout": "0.12:00:00",
                                        "retry": 0,
                                        "retryIntervalInSeconds": 30,
                                        "secureOutput": false,
                                        "secureInput": false
                                    },
                                    "userProperties": [],
                                    "typeProperties": {
                                        "source": {
                                            "type": "DelimitedTextSource",
                                            "storeSettings": {
                                                "type": "AmazonS3ReadSettings",
                                                "recursive": true,
                                                "wildcardFileName": "*.csv",
                                                "enablePartitionDiscovery": false
                                            },
                                            "formatSettings": {
                                                "type": "DelimitedTextReadSettings"
                                            }
                                        },
                                        "sink": {
                                            "type": "DelimitedTextSink",
                                            "storeSettings": {
                                                "type": "AzureBlobFSWriteSettings"
                                            },
                                            "formatSettings": {
                                                "type": "DelimitedTextWriteSettings",
                                                "quoteAllText": true,
                                                "fileExtension": ".csv"
                                            }
                                        },
                                        "enableStaging": false,
                                        "translator": {
                                            "type": "TabularTranslator",
                                            "typeConversion": true,
                                            "typeConversionSettings": {
                                                "allowDataTruncation": true,
                                                "treatBooleanAsNumber": false
                                            }
                                        }
                                    },
                                    "inputs": [
                                        {
                                            "referenceName": "DelimitedTexts3",
                                            "type": "DatasetReference",
                                            "parameters": {}
                                        }
                                    ],
                                    "outputs": [
                                        {
                                            "referenceName": "DelimitedTextadlsbronze",
                                            "type": "DatasetReference",
                                            "parameters": {
                                                "Filename": {
                                                    "value": "@item()",
                                                    "type": "Expression"
                                                }
                                            }
                                        }
                                    ]
                                }
                            ]
                        }
                    }
                ],
                "policy": {
                    "elapsedTimeMetric": {}
                },
                "parameters": {
                    "FoundFiles": {
                        "type": "array"
                    }
                },
                "annotations": [],
                "lastPublishTime": "2025-08-29T17:57:10Z"
            },
            "dependsOn": [
                "[concat(variables('factoryId'), '/datasets/DelimitedTexts3')]",
                "[concat(variables('factoryId'), '/datasets/DelimitedTextadlsbronze')]"
            ]
        },
        {
            "name": "[concat(parameters('factoryName'), '/Archive')]",
            "type": "Microsoft.DataFactory/factories/pipelines",
            "apiVersion": "2018-06-01",
            "properties": {
                "activities": [
                    {
                        "name": "Get Metadata1",
                        "type": "GetMetadata",
                        "dependsOn": [],
                        "policy": {
                            "timeout": "0.12:00:00",
                            "retry": 0,
                            "retryIntervalInSeconds": 30,
                            "secureOutput": false,
                            "secureInput": false
                        },
                        "userProperties": [],
                        "typeProperties": {
                            "dataset": {
                                "referenceName": "Json2",
                                "type": "DatasetReference",
                                "parameters": {}
                            },
                            "fieldList": [
                                "childItems"
                            ],
                            "storeSettings": {
                                "type": "AzureBlobFSReadSettings",
                                "recursive": true,
                                "enablePartitionDiscovery": false
                            },
                            "formatSettings": {
                                "type": "JsonReadSettings"
                            }
                        }
                    },
                    {
                        "name": "ForEach2",
                        "type": "ForEach",
                        "dependsOn": [
                            {
                                "activity": "Get Metadata1",
                                "dependencyConditions": [
                                    "Succeeded"
                                ]
                            }
                        ],
                        "userProperties": [],
                        "typeProperties": {
                            "items": {
                                "value": "@activity('Get Metadata1').output.childItems",
                                "type": "Expression"
                            },
                            "isSequential": true,
                            "activities": [
                                {
                                    "name": "If Condition1",
                                    "type": "IfCondition",
                                    "dependsOn": [],
                                    "userProperties": [],
                                    "typeProperties": {
                                        "expression": {
                                            "value": "@less(item().name, formatDateTime(addDays(utcNow(), -3), 'yyyyMMdd'))",
                                            "type": "Expression"
                                        },
                                        "ifTrueActivities": [
                                            {
                                                "name": "Copy data1",
                                                "type": "Copy",
                                                "dependsOn": [],
                                                "policy": {
                                                    "timeout": "0.12:00:00",
                                                    "retry": 0,
                                                    "retryIntervalInSeconds": 30,
                                                    "secureOutput": false,
                                                    "secureInput": false
                                                },
                                                "userProperties": [],
                                                "typeProperties": {
                                                    "source": {
                                                        "type": "JsonSource",
                                                        "storeSettings": {
                                                            "type": "AzureBlobFSReadSettings",
                                                            "recursive": true,
                                                            "wildcardFileName": "*.json",
                                                            "enablePartitionDiscovery": false
                                                        },
                                                        "formatSettings": {
                                                            "type": "JsonReadSettings"
                                                        }
                                                    },
                                                    "sink": {
                                                        "type": "JsonSink",
                                                        "storeSettings": {
                                                            "type": "AzureBlobFSWriteSettings",
                                                            "copyBehavior": "PreserveHierarchy"
                                                        },
                                                        "formatSettings": {
                                                            "type": "JsonWriteSettings"
                                                        }
                                                    },
                                                    "enableStaging": false
                                                },
                                                "inputs": [
                                                    {
                                                        "referenceName": "Json3",
                                                        "type": "DatasetReference",
                                                        "parameters": {
                                                            "folderpath": {
                                                                "value": "@concat('streaming/landing_shipments/', item().name)\n",
                                                                "type": "Expression"
                                                            }
                                                        }
                                                    }
                                                ],
                                                "outputs": [
                                                    {
                                                        "referenceName": "Json4",
                                                        "type": "DatasetReference",
                                                        "parameters": {
                                                            "FolderPath": {
                                                                "value": "@concat('streaming/',item().name)",
                                                                "type": "Expression"
                                                            }
                                                        }
                                                    }
                                                ]
                                            },
                                            {
                                                "name": "Delete1",
                                                "type": "Delete",
                                                "dependsOn": [
                                                    {
                                                        "activity": "Copy data1",
                                                        "dependencyConditions": [
                                                            "Succeeded"
                                                        ]
                                                    }
                                                ],
                                                "policy": {
                                                    "timeout": "0.12:00:00",
                                                    "retry": 0,
                                                    "retryIntervalInSeconds": 30,
                                                    "secureOutput": false,
                                                    "secureInput": false
                                                },
                                                "userProperties": [],
                                                "typeProperties": {
                                                    "dataset": {
                                                        "referenceName": "Json3",
                                                        "type": "DatasetReference",
                                                        "parameters": {
                                                            "folderpath": "@concat('streaming/landing_shipments/', item().name)"
                                                        }
                                                    },
                                                    "enableLogging": false,
                                                    "storeSettings": {
                                                        "type": "AzureBlobFSReadSettings",
                                                        "recursive": true,
                                                        "enablePartitionDiscovery": false
                                                    }
                                                }
                                            }
                                        ]
                                    }
                                }
                            ]
                        }
                    },
                    {
                        "name": "Get Metadata2",
                        "type": "GetMetadata",
                        "dependsOn": [],
                        "policy": {
                            "timeout": "0.12:00:00",
                            "retry": 0,
                            "retryIntervalInSeconds": 30,
                            "secureOutput": false,
                            "secureInput": false
                        },
                        "userProperties": [],
                        "typeProperties": {
                            "dataset": {
                                "referenceName": "DelimitedText1",
                                "type": "DatasetReference",
                                "parameters": {}
                            },
                            "fieldList": [
                                "childItems"
                            ],
                            "storeSettings": {
                                "type": "AzureBlobFSReadSettings",
                                "recursive": true,
                                "enablePartitionDiscovery": false
                            },
                            "formatSettings": {
                                "type": "DelimitedTextReadSettings"
                            }
                        }
                    },
                    {
                        "name": "ForEach3",
                        "type": "ForEach",
                        "dependsOn": [
                            {
                                "activity": "Get Metadata2",
                                "dependencyConditions": [
                                    "Succeeded"
                                ]
                            }
                        ],
                        "userProperties": [],
                        "typeProperties": {
                            "items": {
                                "value": "@activity('Get Metadata2').output.childItems",
                                "type": "Expression"
                            },
                            "isSequential": true,
                            "activities": [
                                {
                                    "name": "Copy data2",
                                    "type": "Copy",
                                    "dependsOn": [],
                                    "policy": {
                                        "timeout": "0.12:00:00",
                                        "retry": 0,
                                        "retryIntervalInSeconds": 30,
                                        "secureOutput": false,
                                        "secureInput": false
                                    },
                                    "userProperties": [],
                                    "typeProperties": {
                                        "source": {
                                            "type": "DelimitedTextSource",
                                            "storeSettings": {
                                                "type": "AzureBlobFSReadSettings",
                                                "recursive": true,
                                                "wildcardFileName": "*.csv",
                                                "enablePartitionDiscovery": false
                                            },
                                            "formatSettings": {
                                                "type": "DelimitedTextReadSettings"
                                            }
                                        },
                                        "sink": {
                                            "type": "DelimitedTextSink",
                                            "storeSettings": {
                                                "type": "AzureBlobFSWriteSettings"
                                            },
                                            "formatSettings": {
                                                "type": "DelimitedTextWriteSettings",
                                                "quoteAllText": true,
                                                "fileExtension": ".csv"
                                            }
                                        },
                                        "enableStaging": false,
                                        "translator": {
                                            "type": "TabularTranslator",
                                            "typeConversion": true,
                                            "typeConversionSettings": {
                                                "allowDataTruncation": true,
                                                "treatBooleanAsNumber": false
                                            }
                                        }
                                    },
                                    "inputs": [
                                        {
                                            "referenceName": "DelimitedText2",
                                            "type": "DatasetReference",
                                            "parameters": {
                                                "FolderPath": "@concat('batch/',item().name)"
                                            }
                                        }
                                    ],
                                    "outputs": [
                                        {
                                            "referenceName": "DelimitedText3",
                                            "type": "DatasetReference",
                                            "parameters": {
                                                "FolderPath": {
                                                    "value": "@concat('batch/',formatDateTime(utcNow(),'yyyyMMdd'))",
                                                    "type": "Expression"
                                                }
                                            }
                                        }
                                    ]
                                },
                                {
                                    "name": "Delete2",
                                    "type": "Delete",
                                    "dependsOn": [
                                        {
                                            "activity": "Copy data2",
                                            "dependencyConditions": [
                                                "Succeeded"
                                            ]
                                        }
                                    ],
                                    "policy": {
                                        "timeout": "0.12:00:00",
                                        "retry": 0,
                                        "retryIntervalInSeconds": 30,
                                        "secureOutput": false,
                                        "secureInput": false
                                    },
                                    "userProperties": [],
                                    "typeProperties": {
                                        "dataset": {
                                            "referenceName": "DelimitedText2",
                                            "type": "DatasetReference",
                                            "parameters": {
                                                "FolderPath": "@concat('batch/',item().name)"
                                            }
                                        },
                                        "enableLogging": false,
                                        "storeSettings": {
                                            "type": "AzureBlobFSReadSettings",
                                            "recursive": true,
                                            "wildcardFileName": "*.csv",
                                            "enablePartitionDiscovery": false
                                        }
                                    }
                                }
                            ]
                        }
                    }
                ],
                "policy": {
                    "elapsedTimeMetric": {}
                },
                "annotations": [],
                "lastPublishTime": "2025-08-31T17:41:04Z"
            },
            "dependsOn": [
                "[concat(variables('factoryId'), '/datasets/Json2')]",
                "[concat(variables('factoryId'), '/datasets/DelimitedText1')]",
                "[concat(variables('factoryId'), '/datasets/DelimitedText2')]",
                "[concat(variables('factoryId'), '/datasets/DelimitedText3')]",
                "[concat(variables('factoryId'), '/datasets/Json3')]",
                "[concat(variables('factoryId'), '/datasets/Json4')]"
            ]
        },
        {
            "name": "[concat(parameters('factoryName'), '/AmazonS31')]",
            "type": "Microsoft.DataFactory/factories/linkedServices",
            "apiVersion": "2018-06-01",
            "properties": {
                "annotations": [],
                "type": "AmazonS3",
                "typeProperties": {
                    "serviceUrl": "https://s3.ap-south-1.amazonaws.com",
                    "accessKeyId": "[parameters('AmazonS31_properties_typeProperties_accessKeyId')]",
                    "secretAccessKey": {
                        "type": "SecureString",
                        "value": "[parameters('AmazonS31_secretAccessKey')]"
                    },
                    "authenticationType": "AccessKey"
                }
            },
            "dependsOn": []
        },
        {
            "name": "[concat(parameters('factoryName'), '/AzureDataLakeStorage1')]",
            "type": "Microsoft.DataFactory/factories/linkedServices",
            "apiVersion": "2018-06-01",
            "properties": {
                "annotations": [],
                "type": "AzureBlobFS",
                "typeProperties": {
                    "url": "[parameters('AzureDataLakeStorage1_properties_typeProperties_url')]",
                    "accountKey": {
                        "type": "SecureString",
                        "value": "[parameters('AzureDataLakeStorage1_accountKey')]"
                    }
                }
            },
            "dependsOn": []
        },
        {
            "name": "[concat(parameters('factoryName'), '/AzureDatabricks1')]",
            "type": "Microsoft.DataFactory/factories/linkedServices",
            "apiVersion": "2018-06-01",
            "properties": {
                "annotations": [],
                "type": "AzureDatabricks",
                "typeProperties": {
                    "domain": "https://adb-519392701677842.2.azuredatabricks.net",
                    "accessToken": {
                        "type": "SecureString",
                        "value": "[parameters('AzureDatabricks1_accessToken')]"
                    },
                    "existingClusterId": "[parameters('AzureDatabricks1_properties_typeProperties_existingClusterId')]"
                }
            },
            "dependsOn": []
        },
        {
            "name": "[concat(parameters('factoryName'), '/trigger1')]",
            "type": "Microsoft.DataFactory/factories/triggers",
            "apiVersion": "2018-06-01",
            "properties": {
                "annotations": [],
                "runtimeState": "Started",
                "pipelines": [
                    {
                        "pipelineReference": {
                            "referenceName": "PL_SwiftSupply_DataIngestion",
                            "type": "PipelineReference"
                        },
                        "parameters": {}
                    }
                ],
                "type": "ScheduleTrigger",
                "typeProperties": {
                    "recurrence": {
                        "frequency": "Day",
                        "interval": 1,
                        "startTime": "2025-08-31T19:36:00",
                        "endTime": "2025-09-01T14:03:00",
                        "timeZone": "India Standard Time",
                        "schedule": {}
                    }
                }
            },
            "dependsOn": [
                "[concat(variables('factoryId'), '/pipelines/PL_SwiftSupply_DataIngestion')]"
            ]
        },
        {
            "name": "[concat(parameters('factoryName'), '/DelimitedTexts3')]",
            "type": "Microsoft.DataFactory/factories/datasets",
            "apiVersion": "2018-06-01",
            "properties": {
                "linkedServiceName": {
                    "referenceName": "AmazonS31",
                    "type": "LinkedServiceReference"
                },
                "annotations": [],
                "type": "DelimitedText",
                "typeProperties": {
                    "location": {
                        "type": "AmazonS3Location",
                        "bucketName": "swiftsupply-logistics-source"
                    },
                    "columnDelimiter": ",",
                    "escapeChar": "\\",
                    "firstRowAsHeader": true,
                    "quoteChar": "\""
                },
                "schema": [
                    {
                        "name": "warehouse_id",
                        "type": "String"
                    },
                    {
                        "name": "product_id",
                        "type": "String"
                    },
                    {
                        "name": "product_name",
                        "type": "String"
                    },
                    {
                        "name": "category",
                        "type": "String"
                    },
                    {
                        "name": "quantity_in_stock",
                        "type": "String"
                    },
                    {
                        "name": "last_restock_date",
                        "type": "String"
                    }
                ]
            },
            "dependsOn": [
                "[concat(variables('factoryId'), '/linkedServices/AmazonS31')]"
            ]
        },
        {
            "name": "[concat(parameters('factoryName'), '/DelimitedTextadlsbronze')]",
            "type": "Microsoft.DataFactory/factories/datasets",
            "apiVersion": "2018-06-01",
            "properties": {
                "linkedServiceName": {
                    "referenceName": "AzureDataLakeStorage1",
                    "type": "LinkedServiceReference"
                },
                "parameters": {
                    "Filename": {
                        "type": "string"
                    }
                },
                "annotations": [],
                "type": "DelimitedText",
                "typeProperties": {
                    "location": {
                        "type": "AzureBlobFSLocation",
                        "fileName": {
                            "value": "@dataset().Filename",
                            "type": "Expression"
                        },
                        "folderPath": {
                            "value": "@concat('batch/',first(split(dataset().Filename, '_')))",
                            "type": "Expression"
                        },
                        "fileSystem": "ssl-bronze"
                    },
                    "columnDelimiter": ",",
                    "escapeChar": "\\",
                    "firstRowAsHeader": true,
                    "quoteChar": "\""
                },
                "schema": []
            },
            "dependsOn": [
                "[concat(variables('factoryId'), '/linkedServices/AzureDataLakeStorage1')]"
            ]
        },
        {
            "name": "[concat(parameters('factoryName'), '/Json1')]",
            "type": "Microsoft.DataFactory/factories/datasets",
            "apiVersion": "2018-06-01",
            "properties": {
                "linkedServiceName": {
                    "referenceName": "AzureDataLakeStorage1",
                    "type": "LinkedServiceReference"
                },
                "annotations": [],
                "type": "Json",
                "typeProperties": {
                    "location": {
                        "type": "AzureBlobFSLocation",
                        "fileName": "fileMapping.json",
                        "folderPath": "batch/filemapping",
                        "fileSystem": "ssl-bronze"
                    }
                },
                "schema": {
                    "type": "object",
                    "properties": {
                        "filenamePrefix": {
                            "type": "string"
                        },
                        "sinkFolder": {
                            "type": "string"
                        }
                    }
                }
            },
            "dependsOn": [
                "[concat(variables('factoryId'), '/linkedServices/AzureDataLakeStorage1')]"
            ]
        },
        {
            "name": "[concat(parameters('factoryName'), '/Json2')]",
            "type": "Microsoft.DataFactory/factories/datasets",
            "apiVersion": "2018-06-01",
            "properties": {
                "linkedServiceName": {
                    "referenceName": "AzureDataLakeStorage1",
                    "type": "LinkedServiceReference"
                },
                "annotations": [],
                "type": "Json",
                "typeProperties": {
                    "location": {
                        "type": "AzureBlobFSLocation",
                        "folderPath": "streaming/landing_shipments",
                        "fileSystem": "ssl-bronze"
                    }
                },
                "schema": {
                    "type": "object",
                    "properties": {
                        "shipment_id": {
                            "type": "string"
                        },
                        "warehouse_id": {
                            "type": "string"
                        },
                        "status": {
                            "type": "string"
                        },
                        "location": {
                            "type": "string"
                        },
                        "timestamp": {
                            "type": "string"
                        },
                        "delay_reason": {
                            "type": "string"
                        }
                    }
                }
            },
            "dependsOn": [
                "[concat(variables('factoryId'), '/linkedServices/AzureDataLakeStorage1')]"
            ]
        },
        {
            "name": "[concat(parameters('factoryName'), '/Json3')]",
            "type": "Microsoft.DataFactory/factories/datasets",
            "apiVersion": "2018-06-01",
            "properties": {
                "linkedServiceName": {
                    "referenceName": "AzureDataLakeStorage1",
                    "type": "LinkedServiceReference"
                },
                "parameters": {
                    "folderpath": {
                        "type": "string"
                    }
                },
                "annotations": [],
                "type": "Json",
                "typeProperties": {
                    "location": {
                        "type": "AzureBlobFSLocation",
                        "folderPath": {
                            "value": "@dataset().folderpath",
                            "type": "Expression"
                        },
                        "fileSystem": "ssl-bronze"
                    }
                },
                "schema": {
                    "type": "object",
                    "properties": {
                        "shipment_id": {
                            "type": "string"
                        },
                        "warehouse_id": {
                            "type": "string"
                        },
                        "status": {
                            "type": "string"
                        },
                        "location": {
                            "type": "string"
                        },
                        "timestamp": {
                            "type": "string"
                        },
                        "delay_reason": {
                            "type": "string"
                        }
                    }
                }
            },
            "dependsOn": [
                "[concat(variables('factoryId'), '/linkedServices/AzureDataLakeStorage1')]"
            ]
        },
        {
            "name": "[concat(parameters('factoryName'), '/Json4')]",
            "type": "Microsoft.DataFactory/factories/datasets",
            "apiVersion": "2018-06-01",
            "properties": {
                "linkedServiceName": {
                    "referenceName": "AzureDataLakeStorage1",
                    "type": "LinkedServiceReference"
                },
                "parameters": {
                    "FolderPath": {
                        "type": "string"
                    }
                },
                "annotations": [],
                "type": "Json",
                "typeProperties": {
                    "location": {
                        "type": "AzureBlobFSLocation",
                        "folderPath": {
                            "value": "@dataset().FolderPath",
                            "type": "Expression"
                        },
                        "fileSystem": "archive"
                    }
                },
                "schema": {}
            },
            "dependsOn": [
                "[concat(variables('factoryId'), '/linkedServices/AzureDataLakeStorage1')]"
            ]
        },
        {
            "name": "[concat(parameters('factoryName'), '/DelimitedText3')]",
            "type": "Microsoft.DataFactory/factories/datasets",
            "apiVersion": "2018-06-01",
            "properties": {
                "linkedServiceName": {
                    "referenceName": "AzureDataLakeStorage1",
                    "type": "LinkedServiceReference"
                },
                "parameters": {
                    "FolderPath": {
                        "type": "string"
                    }
                },
                "annotations": [],
                "type": "DelimitedText",
                "typeProperties": {
                    "location": {
                        "type": "AzureBlobFSLocation",
                        "folderPath": {
                            "value": "@dataset().FolderPath",
                            "type": "Expression"
                        },
                        "fileSystem": "archive"
                    },
                    "columnDelimiter": ",",
                    "escapeChar": "\\",
                    "firstRowAsHeader": true,
                    "quoteChar": "\""
                },
                "schema": []
            },
            "dependsOn": [
                "[concat(variables('factoryId'), '/linkedServices/AzureDataLakeStorage1')]"
            ]
        },
        {
            "name": "[concat(parameters('factoryName'), '/DelimitedText2')]",
            "type": "Microsoft.DataFactory/factories/datasets",
            "apiVersion": "2018-06-01",
            "properties": {
                "linkedServiceName": {
                    "referenceName": "AzureDataLakeStorage1",
                    "type": "LinkedServiceReference"
                },
                "parameters": {
                    "FolderPath": {
                        "type": "string"
                    }
                },
                "annotations": [],
                "type": "DelimitedText",
                "typeProperties": {
                    "location": {
                        "type": "AzureBlobFSLocation",
                        "folderPath": {
                            "value": "@dataset().FolderPath",
                            "type": "Expression"
                        },
                        "fileSystem": "ssl-bronze"
                    },
                    "columnDelimiter": ",",
                    "escapeChar": "\\",
                    "firstRowAsHeader": true,
                    "quoteChar": "\""
                },
                "schema": [
                    {
                        "name": "order_id",
                        "type": "String"
                    },
                    {
                        "name": "product_id",
                        "type": "String"
                    },
                    {
                        "name": "quantity_sold",
                        "type": "String"
                    },
                    {
                        "name": "sale_date",
                        "type": "String"
                    },
                    {
                        "name": "warehouse_id",
                        "type": "String"
                    }
                ]
            },
            "dependsOn": [
                "[concat(variables('factoryId'), '/linkedServices/AzureDataLakeStorage1')]"
            ]
        },
        {
            "name": "[concat(parameters('factoryName'), '/DelimitedText1')]",
            "type": "Microsoft.DataFactory/factories/datasets",
            "apiVersion": "2018-06-01",
            "properties": {
                "linkedServiceName": {
                    "referenceName": "AzureDataLakeStorage1",
                    "type": "LinkedServiceReference"
                },
                "annotations": [],
                "type": "DelimitedText",
                "typeProperties": {
                    "location": {
                        "type": "AzureBlobFSLocation",
                        "folderPath": "batch",
                        "fileSystem": "ssl-bronze"
                    },
                    "columnDelimiter": ",",
                    "escapeChar": "\\",
                    "firstRowAsHeader": true,
                    "quoteChar": "\""
                },
                "schema": []
            },
            "dependsOn": [
                "[concat(variables('factoryId'), '/linkedServices/AzureDataLakeStorage1')]"
            ]
        }
    ]
}