{
    "$schema": "https://schema.management.azure.com/schemas/2015-01-01/deploymentParameters.json#",
    "contentVersion": "1.0.0.0",
    "parameters": {
        "factoryName": {
            "value": "SwiftSupplyLogistics-ADF"
        },
        "AmazonS31_secretAccessKey": {
            "value": ""
        },
        "AzureDataLakeStorage1_accountKey": {
            "value": ""
        },
        "AzureDatabricks1_accessToken": {
            "value": ""
        },
        "AmazonS31_properties_typeProperties_accessKeyId": {
            "value": "AKIAZB5YYY4OZVSNSY46"
        },
        "AzureDataLakeStorage1_properties_typeProperties_url": {
            "value": "https://datalakessl.dfs.core.windows.net/"
        },
        "AzureDatabricks1_properties_typeProperties_existingClusterId": {
            "value": "0829-192255-xpb3cla3"
        },
        "containerUri": {
            "value": ""
        },
        "containerSasToken": {
            "value": ""
        }
    }
}