{
    "name": "Trigger 1",
    "properties": {
        "annotations": [],
        "runtimeState": "Stopped",
        "pipelines": [
            {
                "pipelineReference": {
                    "referenceName": "ssl-refresh-gold-to-datawarehouse",
                    "type": "PipelineReference"
                }
            }
        ],
        "type": "BlobEventsTrigger",
        "typeProperties": {
            "blobPathBeginsWith": "/ssl-gold/blobs/_success/",
            "blobPathEndsWith": ".txt",
            "ignoreEmptyBlobs": true,
            "scope": "/subscriptions/08403731-8c0c-4bdd-818a-078dbf4e88e1/resourceGroups/SwiftSupplyLogistics/providers/Microsoft.Storage/storageAccounts/datalakessl",
            "events": [
                "Microsoft.Storage.BlobCreated"
            ]
        }
    }
}