{
    "now": "2025-09-10T18:09:09.096Z",
    "perfNow": 5969326.3000000045,
    "diagnosticCorrelation": "6bf067af-7c56-4ebb-ade2-ceb1801cd960",
    "source": "DownloadSupportFiles",
    "environment": {
        "productName": "a365",
        "buildVersion": "25.0820.06",
        "environmentType": 9,
        "resourceName": "sslsynapseworkpace",
        "resourceRegion": "centralus",
        "resourceGroup": "SwiftSupplyLogistics",
        "subscriptionId": "08403731-8c0c-4bdd-818a-078dbf4e88e1",
        "sessionId": "oZuLI/SrBFSwjIifFK8DUx",
        "operationId": "XeoM\\",
        "gitType": "live",
        "loggingKey": "2a651398-ef23-40c2-92e3-8eaaf6e5031e"
    },
    "additionalInfo": {
        "selectedResource": "ssl-refresh-gold-to-datawarehouse",
        "selectedResourceType": "pipeline"
    }
}